{"nm":"Live Icon Lottie","ddd":0,"h":120,"w":120,"meta":{"g":"@lottiefiles/toolkit-js 0.33.2"},"layers":[{"ty":4,"nm":"Layer 2","sr":1,"st":0,"op":300,"ip":0,"hd":false,"ddd":0,"bm":0,"hasMask":false,"ao":0,"ks":{"a":{"a":0,"k":[250.281,176.494,0],"ix":1},"s":{"a":0,"k":[24,24,100],"ix":6},"sk":{"a":0,"k":0},"p":{"a":0,"k":[60.067440000000005,42.35856,0],"ix":2},"r":{"a":0,"k":0,"ix":10},"sa":{"a":0,"k":0},"o":{"a":0,"k":100,"ix":11}},"ef":[],"shapes":[{"ty":"gr","bm":0,"hd":false,"mn":"ADBE Vector Group","nm":"Group 1","ix":1,"cix":2,"np":2,"it":[{"ty":"sh","bm":0,"hd":false,"mn":"ADBE Vector Shape - Group","nm":"Path 1","ix":1,"d":1,"ks":{"a":0,"k":{"c":true,"i":[[11.529,0],[0,11.528],[-11.528,0],[0,-11.529]],"o":[[-11.528,0],[0,-11.529],[11.529,0],[0,11.528]],"v":[[0,20.907],[-20.907,0],[0,-20.907],[20.907,0]]},"ix":2}},{"ty":"fl","bm":0,"hd":false,"mn":"ADBE Vector Graphic - Fill","nm":"Fill 1","c":{"a":0,"k":[1,0,0],"ix":4},"r":1,"o":{"a":0,"k":100,"ix":5}},{"ty":"tr","a":{"a":0,"k":[0,0],"ix":1},"s":{"a":0,"k":[100,100],"ix":3},"sk":{"a":0,"k":0,"ix":4},"p":{"a":0,"k":[250.281,176.496],"ix":2},"r":{"a":0,"k":0,"ix":6},"sa":{"a":0,"k":0,"ix":5},"o":{"a":1,"k":[{"o":{"x":0.28,"y":0},"i":{"x":0.66,"y":1},"s":[0],"t":0},{"o":{"x":0.28,"y":0},"i":{"x":0.66,"y":1},"s":[100],"t":11},{"o":{"x":0.28,"y":0},"i":{"x":0.66,"y":1},"s":[100],"t":30},{"s":[0],"t":40}],"ix":7}}]},{"ty":"gr","bm":0,"hd":false,"mn":"ADBE Vector Group","nm":"Group 2","ix":2,"cix":2,"np":2,"it":[{"ty":"sh","bm":0,"hd":false,"mn":"ADBE Vector Shape - Group","nm":"Path 1","ix":1,"d":1,"ks":{"a":0,"k":{"c":true,"i":[[2.856,2.563],[-2.566,2.866],[11.856,13.244],[-2.865,2.566],[-2.566,-2.872],[16.606,-18.539]],"o":[[-2.865,-2.566],[11.856,-13.244],[-2.566,-2.865],[2.859,-2.559],[16.606,18.539],[-2.567,2.873]],"v":[[-9.988,33.068],[-10.533,23.227],[-10.533,-23.229],[-9.988,-33.07],[-0.147,-32.525],[-0.147,32.524]]},"ix":2}},{"ty":"fl","bm":0,"hd":false,"mn":"ADBE Vector Graphic - Fill","nm":"Fill 1","c":{"a":0,"k":[1,0,0],"ix":4},"r":1,"o":{"a":0,"k":100,"ix":5}},{"ty":"tr","a":{"a":0,"k":[0,0],"ix":1},"s":{"a":0,"k":[100,100],"ix":3},"sk":{"a":0,"k":0,"ix":4},"p":{"a":0,"k":[286.787,176.495],"ix":2},"r":{"a":0,"k":0,"ix":6},"sa":{"a":0,"k":0,"ix":5},"o":{"a":1,"k":[{"o":{"x":0.28,"y":0},"i":{"x":0.66,"y":1},"s":[0],"t":5},{"o":{"x":0.28,"y":0},"i":{"x":0.66,"y":1},"s":[100],"t":16},{"o":{"x":0.28,"y":0},"i":{"x":0.66,"y":1},"s":[100],"t":25},{"s":[0],"t":35}],"ix":7}}]},{"ty":"gr","bm":0,"hd":false,"mn":"ADBE Vector Group","nm":"Group 3","ix":3,"cix":2,"np":2,"it":[{"ty":"sh","bm":0,"hd":false,"mn":"ADBE Vector Shape - Group","nm":"Path 1","ix":1,"d":1,"ks":{"a":0,"k":{"c":true,"i":[[2.568,2.874],[-16.606,18.539],[-2.845,-2.552],[2.566,-2.865],[-11.856,-13.244],[2.865,-2.566]],"o":[[-16.606,-18.539],[2.572,-2.865],[2.865,2.566],[-11.856,13.244],[2.566,2.866],[-2.855,2.562]],"v":[[0.147,32.521],[0.147,-32.528],[9.988,-33.073],[10.533,-23.231],[10.533,23.224],[9.988,33.066]]},"ix":2}},{"ty":"fl","bm":0,"hd":false,"mn":"ADBE Vector Graphic - Fill","nm":"Fill 1","c":{"a":0,"k":[1,0,0],"ix":4},"r":1,"o":{"a":0,"k":100,"ix":5}},{"ty":"tr","a":{"a":0,"k":[0,0],"ix":1},"s":{"a":0,"k":[100,100],"ix":3},"sk":{"a":0,"k":0,"ix":4},"p":{"a":0,"k":[213.764,176.499],"ix":2},"r":{"a":0,"k":0,"ix":6},"sa":{"a":0,"k":0,"ix":5},"o":{"a":1,"k":[{"o":{"x":0.28,"y":0},"i":{"x":0.66,"y":1},"s":[0],"t":5},{"o":{"x":0.28,"y":0},"i":{"x":0.66,"y":1},"s":[100],"t":16},{"o":{"x":0.28,"y":0},"i":{"x":0.66,"y":1},"s":[100],"t":25},{"s":[0],"t":35}],"ix":7}}]},{"ty":"gr","bm":0,"hd":false,"mn":"ADBE Vector Group","nm":"Group 4","ix":4,"cix":2,"np":2,"it":[{"ty":"sh","bm":0,"hd":false,"mn":"ADBE Vector Shape - Group","nm":"Path 1","ix":1,"d":1,"ks":{"a":0,"k":{"c":true,"i":[[3.069,2.302],[-2.307,3.076],[16.64,22.152],[-3.076,2.314],[-2.3,-3.069],[20.336,-27.087]],"o":[[-3.076,-2.314],[16.64,-22.153],[-2.307,-3.076],[3.076,-2.307],[20.336,27.087],[-2.314,3.086]],"v":[[-11.114,47.387],[-12.503,37.628],[-12.503,-37.63],[-11.114,-47.39],[-1.355,-46.001],[-1.355,45.999]]},"ix":2}},{"ty":"fl","bm":0,"hd":false,"mn":"ADBE Vector Graphic - Fill","nm":"Fill 1","c":{"a":0,"k":[1,0,0],"ix":4},"r":1,"o":{"a":0,"k":100,"ix":5}},{"ty":"tr","a":{"a":0,"k":[0,0],"ix":1},"s":{"a":0,"k":[100,100],"ix":3},"sk":{"a":0,"k":0,"ix":4},"p":{"a":0,"k":[312.97,176.495],"ix":2},"r":{"a":0,"k":0,"ix":6},"sa":{"a":0,"k":0,"ix":5},"o":{"a":1,"k":[{"o":{"x":0.28,"y":0},"i":{"x":0.66,"y":1},"s":[0],"t":11},{"o":{"x":0.28,"y":0},"i":{"x":0.66,"y":1},"s":[100],"t":21},{"s":[0],"t":30}],"ix":7}}]},{"ty":"gr","bm":0,"hd":false,"mn":"ADBE Vector Group","nm":"Group 5","ix":5,"cix":2,"np":2,"it":[{"ty":"sh","bm":0,"hd":false,"mn":"ADBE Vector Shape - Group","nm":"Path 1","ix":1,"d":1,"ks":{"a":0,"k":{"c":true,"i":[[2.318,3.091],[-20.336,27.087],[-3.076,-2.314],[2.307,-3.076],[-16.64,-22.152],[3.076,-2.314]],"o":[[-20.336,-27.087],[2.307,-3.069],[3.076,2.314],[-16.64,22.153],[2.307,3.076],[-3.063,2.298]],"v":[[1.355,46],[1.355,-46],[11.114,-47.388],[12.503,-37.629],[12.503,37.629],[11.114,47.389]]},"ix":2}},{"ty":"fl","bm":0,"hd":false,"mn":"ADBE Vector Graphic - Fill","nm":"Fill 1","c":{"a":0,"k":[1,0,0],"ix":4},"r":1,"o":{"a":0,"k":100,"ix":5}},{"ty":"tr","a":{"a":0,"k":[0,0],"ix":1},"s":{"a":0,"k":[100,100],"ix":3},"sk":{"a":0,"k":0,"ix":4},"p":{"a":0,"k":[187.592,176.494],"ix":2},"r":{"a":0,"k":0,"ix":6},"sa":{"a":0,"k":0,"ix":5},"o":{"a":1,"k":[{"o":{"x":0.28,"y":0},"i":{"x":0.66,"y":1},"s":[0],"t":11},{"o":{"x":0.28,"y":0},"i":{"x":0.66,"y":1},"s":[100],"t":21},{"s":[0],"t":30}],"ix":7}}]}],"ind":1},{"ty":4,"nm":"Layer 1","sr":1,"st":0,"op":300,"ip":300,"hd":false,"ddd":0,"bm":0,"hasMask":false,"ao":0,"ks":{"a":{"a":0,"k":[0,0,0],"ix":1},"s":{"a":0,"k":[24,24,100],"ix":6},"sk":{"a":0,"k":0},"p":{"a":0,"k":[59.87448,81.66191999999998,0],"ix":2},"r":{"a":0,"k":0,"ix":10},"sa":{"a":0,"k":0},"o":{"a":0,"k":100,"ix":11}},"ef":[],"shapes":[{"ty":"gr","bm":0,"hd":false,"mn":"ADBE Vector Group","nm":"Group 1","ix":1,"cix":2,"np":6,"it":[{"ty":"sh","bm":0,"hd":false,"mn":"ADBE Vector Shape - Group","nm":"Path 1","ix":1,"d":1,"ks":{"a":0,"k":{"c":true,"i":[[3.322,0],[3.244,1.918],[1.761,3.501],[0,4.727],[-1.741,3.56],[-3.145,1.998],[-4.233,0],[-2.413,-0.851],[-1.919,-1.819],[-1.108,-2.908],[0,-4.134],[0,0],[0,0],[0,0],[0,0],[0.95,1.8],[1.721,1.049],[2.295,0],[1.86,-1.227],[1.009,-1.959],[0,-2.275],[0,0],[-1.068,-2.136],[-1.938,-1.127],[-2.591,0],[-1.385,0.475],[-1.009,0.969],[-0.534,1.424],[0,0],[1.741,-1.86],[2.611,-1.029]],"o":[[-4.49,0],[-3.224,-1.939],[-1.741,-3.521],[0,-4.668],[1.761,-3.561],[3.165,-1.998],[2.571,0],[2.412,0.85],[1.919,1.82],[1.108,2.888],[0,0],[0,0],[0,0],[0,0],[0,-2.334],[-0.95,-1.819],[-1.701,-1.048],[-2.492,0],[-1.839,1.207],[-0.989,1.938],[0,0],[0,3.046],[1.088,2.136],[1.938,1.108],[1.681,0],[1.384,-0.495],[1.009,-0.969],[0,0],[-0.672,2.472],[-1.721,1.839],[-2.591,1.009]],"v":[[56.517,32.058],[44.916,29.18],[37.439,21.021],[34.828,8.649],[37.439,-3.694],[44.797,-12.031],[55.894,-15.028],[63.371,-13.751],[69.868,-9.747],[74.407,-2.655],[76.069,7.877],[76.069,11.022],[39.842,11.022],[39.842,4.376],[67.375,4.376],[65.952,-1.825],[61.946,-6.127],[55.953,-7.699],[49.426,-5.86],[45.153,-1.113],[43.67,5.207],[43.67,10.399],[45.272,18.173],[49.811,23.068],[56.606,24.729],[61.205,24.018],[64.794,21.822],[67.109,18.232],[75.505,19.745],[71.886,26.243],[65.388,30.545]]},"ix":2}},{"ty":"sh","bm":0,"hd":false,"mn":"ADBE Vector Shape - Group","nm":"Path 2","ix":2,"d":1,"ks":{"a":0,"k":{"c":true,"i":[[0,0],[0,0],[0,0],[0,0],[0,0],[0,0],[0,0],[0,0]],"o":[[0,0],[0,0],[0,0],[0,0],[0,0],[0,0],[0,0],[0,0]],"v":[[30.17,-14.435],[13.644,31.138],[4.15,31.138],[-12.406,-14.435],[-2.882,-14.435],[8.66,20.635],[9.135,20.635],[20.646,-14.435]]},"ix":2}},{"ty":"sh","bm":0,"hd":false,"mn":"ADBE Vector Shape - Group","nm":"Path 3","ix":3,"d":1,"ks":{"a":0,"k":{"c":true,"i":[[1.543,0],[1.108,1.028],[0,1.444],[-1.088,1.029],[-1.543,0],[-1.088,-1.048],[0,-1.464],[1.108,-1.049]],"o":[[-1.543,0],[-1.088,-1.049],[0,-1.464],[1.108,-1.048],[1.543,0],[1.108,1.029],[0,1.444],[-1.088,1.028]],"v":[[-25.141,-21.466],[-29.117,-23.009],[-30.749,-26.747],[-29.117,-30.486],[-25.141,-32.058],[-21.195,-30.486],[-19.534,-26.747],[-21.195,-23.009]]},"ix":2}},{"ty":"sh","bm":0,"hd":false,"mn":"ADBE Vector Shape - Group","nm":"Path 4","ix":4,"d":1,"ks":{"a":0,"k":{"c":true,"i":[[0,0],[0,0],[0,0],[0,0]],"o":[[0,0],[0,0],[0,0],[0,0]],"v":[[-29.621,31.138],[-29.621,-14.435],[-20.75,-14.435],[-20.75,31.138]]},"ix":2}},{"ty":"sh","bm":0,"hd":false,"mn":"ADBE Vector Shape - Group","nm":"Path 5","ix":5,"d":1,"ks":{"a":0,"k":{"c":true,"i":[[0,0],[0,0],[0,0],[0,0],[0,0],[0,0]],"o":[[0,0],[0,0],[0,0],[0,0],[0,0],[0,0]],"v":[[-76.069,31.138],[-76.069,-29.625],[-66.901,-29.625],[-66.901,23.246],[-39.368,23.246],[-39.368,31.138]]},"ix":2}},{"ty":"fl","bm":0,"hd":false,"mn":"ADBE Vector Graphic - Fill","nm":"Fill 1","c":{"a":0,"k":[0.9529,0.2235,0.3529],"ix":4},"r":1,"o":{"a":0,"k":100,"ix":5}},{"ty":"tr","a":{"a":0,"k":[0,0],"ix":1},"s":{"a":0,"k":[100,100],"ix":3},"sk":{"a":0,"k":0,"ix":4},"p":{"a":0,"k":[0,0],"ix":2},"r":{"a":0,"k":0,"ix":6},"sa":{"a":0,"k":0,"ix":5},"o":{"a":0,"k":100,"ix":7}}]}],"ind":2}],"v":"5.7.4","fr":30,"op":24,"ip":0,"assets":[]}