{"v":"5.7.4","fr":25,"ip":0,"op":76,"w":400,"h":400,"nm":"Thinking","ddd":0,"assets":[],"layers":[{"ddd":0,"ind":1,"ty":4,"nm":"Shape Layer 12","parent":2,"sr":1,"ks":{"o":{"a":0,"k":100,"ix":11},"r":{"a":1,"k":[{"i":{"x":[0],"y":[1]},"o":{"x":[0.333],"y":[0]},"t":10,"s":[0]},{"i":{"x":[0.833],"y":[1]},"o":{"x":[0],"y":[0]},"t":20,"s":[-6]},{"i":{"x":[0.833],"y":[1]},"o":{"x":[0.167],"y":[0]},"t":60,"s":[-6]},{"t":70,"s":[0]}],"ix":10},"p":{"a":0,"k":[96.958,129,0],"ix":2,"l":2},"a":{"a":0,"k":[-11,124.5,0],"ix":1,"l":2},"s":{"a":0,"k":[100,100,100],"ix":6,"l":2}},"ao":0,"shapes":[{"ty":"gr","it":[{"d":1,"ty":"el","s":{"a":0,"k":[83,83],"ix":2},"p":{"a":0,"k":[0,0],"ix":3},"nm":"Ellipse Path 1","mn":"ADBE Vector Shape - Ellipse","hd":false},{"ty":"st","c":{"a":0,"k":[0.998431037454,0.885133032705,0.122943997851,1],"ix":3},"o":{"a":0,"k":100,"ix":4},"w":{"a":0,"k":0,"ix":5},"lc":1,"lj":1,"ml":4,"bm":0,"nm":"Stroke 1","mn":"ADBE Vector Graphic - Stroke","hd":false},{"ty":"fl","c":{"a":0,"k":[0.320603643679,0.349087913364,0.468235270182,1],"ix":4},"o":{"a":0,"k":100,"ix":5},"r":1,"bm":0,"nm":"Fill 1","mn":"ADBE Vector Graphic - Fill","hd":false},{"ty":"tr","p":{"a":0,"k":[-11.5,48.5],"ix":2},"a":{"a":0,"k":[0,0],"ix":1},"s":{"a":0,"k":[100,100],"ix":3},"r":{"a":0,"k":0,"ix":6},"o":{"a":0,"k":100,"ix":7},"sk":{"a":0,"k":0,"ix":4},"sa":{"a":0,"k":0,"ix":5},"nm":"Transform"}],"nm":"Ellipse 1","np":3,"cix":2,"bm":0,"ix":1,"mn":"ADBE Vector Group","hd":false}],"ip":0,"op":79,"st":0,"bm":0},{"ddd":0,"ind":2,"ty":4,"nm":"Shape Layer 11","sr":1,"ks":{"o":{"a":0,"k":100,"ix":11},"r":{"a":0,"k":0,"ix":10},"p":{"a":0,"k":[208.542,353,0],"ix":2,"l":2},"a":{"a":0,"k":[97,175,0],"ix":1,"l":2},"s":{"a":0,"k":[100,100,100],"ix":6,"l":2}},"ao":0,"shapes":[{"ty":"gr","it":[{"ind":0,"ty":"sh","ix":1,"ks":{"a":0,"k":{"i":[[34.418,9.723],[3.85,-1.574],[6.146,0],[5.358,2.191],[4.003,-1.131],[5.295,-32.146],[-6.473,0],[0,0],[1.052,6.387]],"o":[[-4.003,-1.131],[-5.358,2.191],[-6.147,0],[-3.85,-1.574],[-34.418,9.723],[-1.052,6.387],[0,0],[6.473,0],[-5.294,-32.146]],"v":[[125.949,96.318],[113.824,97.035],[96.458,100.437],[79.091,97.035],[66.966,96.318],[1.302,164.466],[11.73,176.639],[181.186,176.639],[191.613,164.466]],"c":true},"ix":2},"nm":"Path 1","mn":"ADBE Vector Shape - Group","hd":false},{"ty":"tr","p":{"a":0,"k":[0,0],"ix":2},"a":{"a":0,"k":[0,0],"ix":1},"s":{"a":0,"k":[100,100],"ix":3},"r":{"a":0,"k":0,"ix":6},"o":{"a":0,"k":100,"ix":7},"sk":{"a":0,"k":0,"ix":4},"sa":{"a":0,"k":0,"ix":5},"nm":"Transform"}],"nm":"Group 1","np":1,"cix":2,"bm":0,"ix":1,"mn":"ADBE Vector Group","hd":false},{"ty":"fl","c":{"a":0,"k":[0.320603643679,0.349087913364,0.468235270182,1],"ix":4},"o":{"a":0,"k":100,"ix":5},"r":1,"bm":0,"nm":"Fill 1","mn":"ADBE Vector Graphic - Fill","hd":false}],"ip":0,"op":79,"st":0,"bm":0},{"ddd":0,"ind":3,"ty":4,"nm":"Shape Layer 4","parent":6,"sr":1,"ks":{"o":{"a":1,"k":[{"i":{"x":[0.667],"y":[1]},"o":{"x":[0.333],"y":[0]},"t":58,"s":[100]},{"t":63,"s":[0]}],"ix":11},"r":{"a":0,"k":0,"ix":10},"p":{"a":0,"k":[33.5,29.75,0],"ix":2,"l":2},"a":{"a":0,"k":[68.5,42.25,0],"ix":1,"l":2},"s":{"a":0,"k":[125,125,100],"ix":6,"l":2}},"ao":0,"shapes":[{"ty":"gr","it":[{"ind":0,"ty":"sh","ix":1,"ks":{"a":0,"k":{"i":[[7.087,1.696],[-7.087,-1.696]],"o":[[-7.087,-1.696],[7.087,1.696]],"v":[[69.75,36.147],[67.12,47.137]],"c":true},"ix":2},"nm":"Path 1","mn":"ADBE Vector Shape - Group","hd":false},{"ty":"tr","p":{"a":0,"k":[0,0],"ix":2},"a":{"a":0,"k":[0,0],"ix":1},"s":{"a":0,"k":[100,100],"ix":3},"r":{"a":0,"k":0,"ix":6},"o":{"a":0,"k":100,"ix":7},"sk":{"a":0,"k":0,"ix":4},"sa":{"a":0,"k":0,"ix":5},"nm":"Transform"}],"nm":"Group 1","np":1,"cix":2,"bm":0,"ix":1,"mn":"ADBE Vector Group","hd":false},{"ty":"fl","c":{"a":0,"k":[1,1,1,1],"ix":4},"o":{"a":0,"k":100,"ix":5},"r":1,"bm":0,"nm":"Fill 1","mn":"ADBE Vector Graphic - Fill","hd":false}],"ip":36,"op":95,"st":36,"bm":0},{"ddd":0,"ind":4,"ty":4,"nm":"Shape Layer 3","parent":6,"sr":1,"ks":{"o":{"a":1,"k":[{"i":{"x":[0.667],"y":[1]},"o":{"x":[0.333],"y":[0]},"t":58,"s":[100]},{"t":63,"s":[0]}],"ix":11},"r":{"a":0,"k":0,"ix":10},"p":{"a":0,"k":[50.5,35.75,0],"ix":2,"l":2},"a":{"a":0,"k":[68.5,42.25,0],"ix":1,"l":2},"s":{"a":0,"k":[125,125,100],"ix":6,"l":2}},"ao":0,"shapes":[{"ty":"gr","it":[{"ind":0,"ty":"sh","ix":1,"ks":{"a":0,"k":{"i":[[7.087,1.696],[-7.087,-1.696]],"o":[[-7.087,-1.696],[7.087,1.696]],"v":[[69.75,36.147],[67.12,47.137]],"c":true},"ix":2},"nm":"Path 1","mn":"ADBE Vector Shape - Group","hd":false},{"ty":"tr","p":{"a":0,"k":[0,0],"ix":2},"a":{"a":0,"k":[0,0],"ix":1},"s":{"a":0,"k":[100,100],"ix":3},"r":{"a":0,"k":0,"ix":6},"o":{"a":0,"k":100,"ix":7},"sk":{"a":0,"k":0,"ix":4},"sa":{"a":0,"k":0,"ix":5},"nm":"Transform"}],"nm":"Group 1","np":1,"cix":2,"bm":0,"ix":1,"mn":"ADBE Vector Group","hd":false},{"ty":"fl","c":{"a":0,"k":[1,1,1,1],"ix":4},"o":{"a":0,"k":100,"ix":5},"r":1,"bm":0,"nm":"Fill 1","mn":"ADBE Vector Graphic - Fill","hd":false}],"ip":36,"op":95,"st":36,"bm":0},{"ddd":0,"ind":5,"ty":4,"nm":"Shape Layer 2","parent":6,"sr":1,"ks":{"o":{"a":1,"k":[{"i":{"x":[0.667],"y":[1]},"o":{"x":[0.333],"y":[0]},"t":58,"s":[100]},{"t":63,"s":[0]}],"ix":11},"r":{"a":0,"k":0,"ix":10},"p":{"a":0,"k":[68.5,42.25,0],"ix":2,"l":2},"a":{"a":0,"k":[68.5,42.25,0],"ix":1,"l":2},"s":{"a":0,"k":[125,125,100],"ix":6,"l":2}},"ao":0,"shapes":[{"ty":"gr","it":[{"ind":0,"ty":"sh","ix":1,"ks":{"a":0,"k":{"i":[[7.087,1.696],[-7.087,-1.696]],"o":[[-7.087,-1.696],[7.087,1.696]],"v":[[69.75,36.147],[67.12,47.137]],"c":true},"ix":2},"nm":"Path 1","mn":"ADBE Vector Shape - Group","hd":false},{"ty":"tr","p":{"a":0,"k":[0,0],"ix":2},"a":{"a":0,"k":[0,0],"ix":1},"s":{"a":0,"k":[100,100],"ix":3},"r":{"a":0,"k":0,"ix":6},"o":{"a":0,"k":100,"ix":7},"sk":{"a":0,"k":0,"ix":4},"sa":{"a":0,"k":0,"ix":5},"nm":"Transform"}],"nm":"Group 1","np":1,"cix":2,"bm":0,"ix":1,"mn":"ADBE Vector Group","hd":false},{"ty":"fl","c":{"a":0,"k":[1,1,1,1],"ix":4},"o":{"a":0,"k":100,"ix":5},"r":1,"bm":0,"nm":"Fill 1","mn":"ADBE Vector Graphic - Fill","hd":false}],"ip":36,"op":95,"st":36,"bm":0},{"ddd":0,"ind":6,"ty":4,"nm":"Shape Layer 1","sr":1,"ks":{"o":{"a":1,"k":[{"i":{"x":[0.667],"y":[1]},"o":{"x":[0.333],"y":[0]},"t":58,"s":[100]},{"t":63,"s":[0]}],"ix":11},"r":{"a":0,"k":0,"ix":10},"p":{"a":1,"k":[{"i":{"x":0.667,"y":1},"o":{"x":0.333,"y":0},"t":36,"s":[214,229.5,0],"to":[0,-18.333,0],"ti":[0,18.333,0]},{"i":{"x":0.667,"y":0.667},"o":{"x":0.333,"y":0.333},"t":46,"s":[214,119.5,0],"to":[0,0,0],"ti":[0,0,0]},{"t":56,"s":[214,119.5,0]}],"ix":2,"l":2},"a":{"a":0,"k":[51.5,82.5,0],"ix":1,"l":2},"s":{"a":1,"k":[{"i":{"x":[0,0,0.667],"y":[1,1,1]},"o":{"x":[0,0,0.333],"y":[0,0,0]},"t":36,"s":[26,26,100]},{"i":{"x":[1,1,0.833],"y":[1,1,1]},"o":{"x":[0,0,0.333],"y":[0,0,0]},"t":46,"s":[120,120,100]},{"t":56,"s":[100,100,100]}],"ix":6,"l":2}},"ao":0,"shapes":[{"ty":"gr","it":[{"ind":0,"ty":"sh","ix":1,"ks":{"a":0,"k":{"i":[[3.92,-16.38],[17.033,-0.876],[0,0],[0,0],[-3.92,16.381],[-25.51,-6.105]],"o":[[-2.866,11.975],[-1.192,3.337],[0,0],[-25.511,-6.105],[3.92,-16.38],[25.511,6.106]],"v":[[96.552,47.069],[63.131,67.592],[53.097,82.252],[43.263,65.674],[4.17,24.96],[57.459,6.355]],"c":true},"ix":2},"nm":"Path 1","mn":"ADBE Vector Shape - Group","hd":false},{"ty":"fl","c":{"a":0,"k":[0.850980392157,0.878431372549,0.129411764706,1],"ix":4},"o":{"a":0,"k":100,"ix":5},"r":1,"bm":0,"nm":"Fill 1","mn":"ADBE Vector Graphic - Fill","hd":false},{"ty":"tr","p":{"a":0,"k":[0,0],"ix":2},"a":{"a":0,"k":[0,0],"ix":1},"s":{"a":0,"k":[100,100],"ix":3},"r":{"a":0,"k":0,"ix":6},"o":{"a":0,"k":100,"ix":7},"sk":{"a":0,"k":0,"ix":4},"sa":{"a":0,"k":0,"ix":5},"nm":"Transform"}],"nm":"Group 1","np":2,"cix":2,"bm":0,"ix":1,"mn":"ADBE Vector Group","hd":false}],"ip":36,"op":95,"st":36,"bm":0},{"ddd":0,"ind":7,"ty":4,"nm":"Shape Layer 7","parent":9,"sr":1,"ks":{"o":{"a":1,"k":[{"i":{"x":[0.667],"y":[1]},"o":{"x":[0.333],"y":[0]},"t":58,"s":[100]},{"t":63,"s":[0]}],"ix":11},"r":{"a":0,"k":0,"ix":10},"p":{"a":0,"k":[73.5,103.75,0],"ix":2,"l":2},"a":{"a":0,"k":[61,63.75,0],"ix":1,"l":2},"s":{"a":0,"k":[100,100,100],"ix":6,"l":2}},"ao":0,"shapes":[{"ty":"gr","it":[{"d":1,"ty":"el","s":{"a":0,"k":[9.25,9.25],"ix":2},"p":{"a":0,"k":[0,0],"ix":3},"nm":"Ellipse Path 1","mn":"ADBE Vector Shape - Ellipse","hd":false},{"ty":"st","c":{"a":0,"k":[0.998431037454,0.885133032705,0.122943997851,1],"ix":3},"o":{"a":0,"k":100,"ix":4},"w":{"a":0,"k":0,"ix":5},"lc":1,"lj":1,"ml":4,"bm":0,"nm":"Stroke 1","mn":"ADBE Vector Graphic - Stroke","hd":false},{"ty":"fl","c":{"a":0,"k":[1,1,1,1],"ix":4},"o":{"a":0,"k":100,"ix":5},"r":1,"bm":0,"nm":"Fill 1","mn":"ADBE Vector Graphic - Fill","hd":false},{"ty":"tr","p":{"a":0,"k":[60.625,63.875],"ix":2},"a":{"a":0,"k":[0,0],"ix":1},"s":{"a":0,"k":[100,100],"ix":3},"r":{"a":0,"k":0,"ix":6},"o":{"a":0,"k":100,"ix":7},"sk":{"a":0,"k":0,"ix":4},"sa":{"a":0,"k":0,"ix":5},"nm":"Transform"}],"nm":"Ellipse 1","np":3,"cix":2,"bm":0,"ix":1,"mn":"ADBE Vector Group","hd":false}],"ip":26,"op":72,"st":26,"bm":0},{"ddd":0,"ind":8,"ty":4,"nm":"Shape Layer 6","parent":9,"sr":1,"ks":{"o":{"a":1,"k":[{"i":{"x":[0.667],"y":[1]},"o":{"x":[0.333],"y":[0]},"t":58,"s":[100]},{"t":63,"s":[0]}],"ix":11},"r":{"a":0,"k":0,"ix":10},"p":{"a":0,"k":[78,74.5,0],"ix":2,"l":2},"a":{"a":0,"k":[65.5,34.5,0],"ix":1,"l":2},"s":{"a":0,"k":[100,100,100],"ix":6,"l":2}},"ao":0,"shapes":[{"ty":"gr","it":[{"ind":0,"ty":"sh","ix":1,"ks":{"a":0,"k":{"i":[[3.476,5.514],[1.789,-12.567],[-0.626,4.394],[7.229,-9.079],[3.103,-3.445],[-1.435,-4.279],[1.4,4.18],[-2.999,2.926]],"o":[[-6.742,-10.693],[-0.625,4.392],[1.494,-10.487],[-2.877,3.614],[-3.064,3.404],[1.411,4.214],[-1.713,-5.117],[4.496,-4.384]],"v":[[76.391,20.56],[50.891,25.67],[57.733,26.425],[69.679,31.534],[58.945,40.356],[56.754,51.864],[63.074,49.144],[73.878,37.049]],"c":true},"ix":2},"nm":"Path 1","mn":"ADBE Vector Shape - Group","hd":false},{"ty":"fl","c":{"a":0,"k":[1,1,1,1],"ix":4},"o":{"a":0,"k":100,"ix":5},"r":1,"bm":0,"nm":"Fill 1","mn":"ADBE Vector Graphic - Fill","hd":false},{"ty":"tr","p":{"a":0,"k":[0,0],"ix":2},"a":{"a":0,"k":[0,0],"ix":1},"s":{"a":0,"k":[100,100],"ix":3},"r":{"a":0,"k":0,"ix":6},"o":{"a":0,"k":100,"ix":7},"sk":{"a":0,"k":0,"ix":4},"sa":{"a":0,"k":0,"ix":5},"nm":"Transform"}],"nm":"Group 1","np":2,"cix":2,"bm":0,"ix":1,"mn":"ADBE Vector Group","hd":false}],"ip":26,"op":72,"st":26,"bm":0},{"ddd":0,"ind":9,"ty":4,"nm":"Shape Layer 5","sr":1,"ks":{"o":{"a":1,"k":[{"i":{"x":[0.667],"y":[1]},"o":{"x":[0.333],"y":[0]},"t":58,"s":[100]},{"t":63,"s":[0]}],"ix":11},"r":{"a":0,"k":0,"ix":10},"p":{"a":1,"k":[{"i":{"x":0.667,"y":1},"o":{"x":0.333,"y":0},"t":26,"s":[223,248.5,0],"to":[5,-11.667,0],"ti":[-5,11.667,0]},{"i":{"x":0.667,"y":0.667},"o":{"x":0.333,"y":0.333},"t":36,"s":[253,178.5,0],"to":[0,0,0],"ti":[0,0,0]},{"t":46,"s":[253,178.5,0]}],"ix":2,"l":2},"a":{"a":0,"k":[74.5,133.5,0],"ix":1,"l":2},"s":{"a":1,"k":[{"i":{"x":[0,0,0.667],"y":[1,1,1]},"o":{"x":[0,0,0.333],"y":[0,0,0]},"t":26,"s":[26,26,100]},{"i":{"x":[1,1,0.833],"y":[1,1,1]},"o":{"x":[0,0,0.333],"y":[0,0,0]},"t":36,"s":[120,120,100]},{"t":46,"s":[100,100,100]}],"ix":6,"l":2}},"ao":0,"shapes":[{"ty":"gr","it":[{"ind":0,"ty":"sh","ix":1,"ks":{"a":0,"k":{"i":[[3.993,-19.332],[19.922,-1.649],[17.029,-0.611],[11.292,2.332],[-3.993,19.333],[-30.108,-6.218]],"o":[[-2.919,14.133],[-1.274,3.952],[2.267,-6.137],[-30.108,-6.218],[3.993,-19.332],[30.108,6.219]],"v":[[113.274,52.732],[74.874,77.997],[55.332,93.819],[51.529,76.477],[4.243,30.213],[65.988,6.468]],"c":true},"ix":2},"nm":"Path 1","mn":"ADBE Vector Shape - Group","hd":false},{"ty":"fl","c":{"a":0,"k":[0.98431372549,0.690196078431,0.23137254902,1],"ix":4},"o":{"a":0,"k":100,"ix":5},"r":1,"bm":0,"nm":"Fill 1","mn":"ADBE Vector Graphic - Fill","hd":false},{"ty":"tr","p":{"a":0,"k":[16,40],"ix":2},"a":{"a":0,"k":[0,0],"ix":1},"s":{"a":0,"k":[100,100],"ix":3},"r":{"a":0,"k":0,"ix":6},"o":{"a":0,"k":100,"ix":7},"sk":{"a":0,"k":0,"ix":4},"sa":{"a":0,"k":0,"ix":5},"nm":"Transform"}],"nm":"Group 1","np":2,"cix":2,"bm":0,"ix":1,"mn":"ADBE Vector Group","hd":false}],"ip":26,"op":72,"st":26,"bm":0},{"ddd":0,"ind":10,"ty":4,"nm":"Shape Layer 10","parent":12,"sr":1,"ks":{"o":{"a":1,"k":[{"i":{"x":[0.667],"y":[1]},"o":{"x":[0.333],"y":[0]},"t":56,"s":[100]},{"t":61,"s":[0]}],"ix":11},"r":{"a":0,"k":0,"ix":10},"p":{"a":0,"k":[60.5,89.75,0],"ix":2,"l":2},"a":{"a":0,"k":[61,63.75,0],"ix":1,"l":2},"s":{"a":0,"k":[180,180,100],"ix":6,"l":2}},"ao":0,"shapes":[{"ty":"gr","it":[{"d":1,"ty":"el","s":{"a":0,"k":[9.25,9.25],"ix":2},"p":{"a":0,"k":[0,0],"ix":3},"nm":"Ellipse Path 1","mn":"ADBE Vector Shape - Ellipse","hd":false},{"ty":"st","c":{"a":0,"k":[0.998431037454,0.885133032705,0.122943997851,1],"ix":3},"o":{"a":0,"k":100,"ix":4},"w":{"a":0,"k":0,"ix":5},"lc":1,"lj":1,"ml":4,"bm":0,"nm":"Stroke 1","mn":"ADBE Vector Graphic - Stroke","hd":false},{"ty":"fl","c":{"a":0,"k":[1,1,1,1],"ix":4},"o":{"a":0,"k":100,"ix":5},"r":1,"bm":0,"nm":"Fill 1","mn":"ADBE Vector Graphic - Fill","hd":false},{"ty":"tr","p":{"a":0,"k":[60.625,63.875],"ix":2},"a":{"a":0,"k":[0,0],"ix":1},"s":{"a":0,"k":[100,100],"ix":3},"r":{"a":0,"k":0,"ix":6},"o":{"a":0,"k":100,"ix":7},"sk":{"a":0,"k":0,"ix":4},"sa":{"a":0,"k":0,"ix":5},"nm":"Transform"}],"nm":"Ellipse 1","np":3,"cix":2,"bm":0,"ix":1,"mn":"ADBE Vector Group","hd":false}],"ip":16,"op":67,"st":16,"bm":0},{"ddd":0,"ind":11,"ty":4,"nm":"Shape Layer 9","parent":12,"sr":1,"ks":{"o":{"a":1,"k":[{"i":{"x":[0.667],"y":[1]},"o":{"x":[0.333],"y":[0]},"t":56,"s":[100]},{"t":61,"s":[0]}],"ix":11},"r":{"a":0,"k":0,"ix":10},"p":{"a":0,"k":[51.25,50.25,0],"ix":2,"l":2},"a":{"a":0,"k":[54.5,60,0],"ix":1,"l":2},"s":{"a":0,"k":[137,137,100],"ix":6,"l":2}},"ao":0,"shapes":[{"ty":"gr","it":[{"ind":0,"ty":"sh","ix":1,"ks":{"a":0,"k":{"i":[[1.642,7.094],[1.536,9.935],[-1.102,-7.126],[-2.277,-9.838]],"o":[[-2.273,-9.813],[-1.11,-7.184],[1.537,9.947],[1.645,7.097]],"v":[[61.415,72.563],[57.379,42.697],[46.482,45.702],[50.517,75.569]],"c":true},"ix":2},"nm":"Path 1","mn":"ADBE Vector Shape - Group","hd":false},{"ty":"fl","c":{"a":0,"k":[1,1,1,1],"ix":4},"o":{"a":0,"k":100,"ix":5},"r":1,"bm":0,"nm":"Fill 1","mn":"ADBE Vector Graphic - Fill","hd":false},{"ty":"tr","p":{"a":0,"k":[0,0],"ix":2},"a":{"a":0,"k":[0,0],"ix":1},"s":{"a":0,"k":[100,100],"ix":3},"r":{"a":0,"k":0,"ix":6},"o":{"a":0,"k":100,"ix":7},"sk":{"a":0,"k":0,"ix":4},"sa":{"a":0,"k":0,"ix":5},"nm":"Transform"}],"nm":"Group 1","np":2,"cix":2,"bm":0,"ix":1,"mn":"ADBE Vector Group","hd":false}],"ip":16,"op":67,"st":16,"bm":0},{"ddd":0,"ind":12,"ty":4,"nm":"Shape Layer 8","sr":1,"ks":{"o":{"a":1,"k":[{"i":{"x":[0.667],"y":[1]},"o":{"x":[0.333],"y":[0]},"t":56,"s":[100]},{"t":61,"s":[0]}],"ix":11},"r":{"a":0,"k":0,"ix":10},"p":{"a":1,"k":[{"i":{"x":0.667,"y":1},"o":{"x":0.333,"y":0},"t":16,"s":[205.5,251.5,0],"to":[-8.333,-11.667,0],"ti":[8.333,11.667,0]},{"i":{"x":0.667,"y":0.667},"o":{"x":0.333,"y":0.333},"t":26,"s":[155.5,181.5,0],"to":[0,0,0],"ti":[0,0,0]},{"t":36,"s":[155.5,181.5,0]}],"ix":2,"l":2},"a":{"a":0,"k":[61,138,0],"ix":1,"l":2},"s":{"a":1,"k":[{"i":{"x":[0,0,0.667],"y":[1,1,1]},"o":{"x":[0,0,0.333],"y":[0,0,0]},"t":16,"s":[26,26,100]},{"i":{"x":[1,1,0.833],"y":[1,1,1]},"o":{"x":[0,0,0.333],"y":[0,0,0]},"t":26,"s":[120,120,100]},{"t":36,"s":[100,100,100]}],"ix":6,"l":2}},"ao":0,"shapes":[{"ty":"gr","it":[{"ind":0,"ty":"sh","ix":1,"ks":{"a":0,"k":{"i":[[0,29.11],[33.001,0],[0,-33.001],[-31.587,-1.584],[-14.844,3.229],[2.028,10.285]],"o":[[0,-33.001],[-33,0],[0,31.981],[2.434,6.795],[0,0],[27.56,-5.312]],"v":[[119.755,60.003],[60.002,0.25],[0.25,60.003],[56.961,119.679],[79.813,135.871],[71.374,118.661]],"c":true},"ix":2},"nm":"Path 1","mn":"ADBE Vector Shape - Group","hd":false},{"ty":"fl","c":{"a":0,"k":[0.945098039216,0.352941176471,0.141176470588,1],"ix":4},"o":{"a":0,"k":100,"ix":5},"r":1,"bm":0,"nm":"Fill 1","mn":"ADBE Vector Graphic - Fill","hd":false},{"ty":"tr","p":{"a":0,"k":[0,0],"ix":2},"a":{"a":0,"k":[0,0],"ix":1},"s":{"a":0,"k":[100,100],"ix":3},"r":{"a":0,"k":0,"ix":6},"o":{"a":0,"k":100,"ix":7},"sk":{"a":0,"k":0,"ix":4},"sa":{"a":0,"k":0,"ix":5},"nm":"Transform"}],"nm":"Group 1","np":2,"cix":2,"bm":0,"ix":1,"mn":"ADBE Vector Group","hd":false}],"ip":16,"op":67,"st":16,"bm":0}],"markers":[]}