{
  "v": "5.7.4",
  "fr": 60,
  "ip": 0,
  "op": 180,
  "w": 512,
  "h": 512,
  "nm": "pulse_waves",
  "ddd": 0,
  "assets": [],
  "layers": [
    {
      "ddd": 0,
      "ind": 1,
      "ty": 4,
      "nm": "pulse_rings",
      "sr": 1,
      "ks": {
        "o": { "a": 0, "k": 100 },
        "r": { "a": 0, "k": 0 },
        "p": { "a": 0, "k": [256, 256, 0] },
        "a": { "a": 0, "k": [0, 0, 0] },
        "s": { "a": 0, "k": [100, 100, 100] }
      },
      "shapes": [
        {
          "ty": "gr",
          "nm": "ring_1",
          "it": [
            {
              "d": 1,
              "ty": "el",
              "s": {
                "a": 1,
                "k": [
                  {
                    "t": 0,
                    "s": [10, 10]
                  },
                  {
                    "t": 180,
                    "s": [220, 220]
                  }
                ]
              },
              "p": { "a": 0, "k": [0, 0] },
              "nm": "ellipse"
            },
            {
              "ty": "st",
              "c": { "a": 0, "k": [0.45, 0, 0, 1] },
              "w": { "a": 0, "k": 12 },
              "lc": 2,
              "lj": 2,
              "nm": "stroke"
            },
            {
              "ty": "tr",
              "p": { "a": 0, "k": [0, 0] },
              "a": { "a": 0, "k": [0, 0] },
              "s": { "a": 0, "k": [100, 100] },
              "r": { "a": 0, "k": 0 },
              "o": {
                "a": 1,
                "k": [
                  { "t": 0, "s": [100] },
                  { "t": 180, "s": [0] }
                ]
              },
              "nm": "transform"
            }
          ]
        },
        {
          "ty": "gr",
          "nm": "ring_2",
          "it": [
            {
              "d": 1,
              "ty": "el",
              "s": {
                "a": 1,
                "k": [
                  {
                    "t": 0,
                    "s": [10, 10]
                  },
                  {
                    "t": 180,
                    "s": [300, 300]
                  }
                ]
              },
              "p": { "a": 0, "k": [0, 0] },
              "nm": "ellipse"
            },
            {
              "ty": "st",
              "c": { "a": 0, "k": [0.45, 0, 0, 1] },
              "w": { "a": 0, "k": 12 },
              "lc": 2,
              "lj": 2,
              "nm": "stroke"
            },
            {
              "ty": "tr",
              "p": { "a": 0, "k": [0, 0] },
              "a": { "a": 0, "k": [0, 0] },
              "s": { "a": 0, "k": [100, 100] },
              "r": { "a": 0, "k": 0 },
              "o": {
                "a": 1,
                "k": [
                  { "t": 0, "s": [100] },
                  { "t": 180, "s": [0] }
                ]
              },
              "nm": "transform"
            }
          ]
        }
      ]
    }
  ]
}
