{
  "nm": "scroll_up",
  "ddd": 0,
  "h": 600,
  "w": 600,
  "meta": {
    "g": "@lottiefiles/toolkit-js 0.33.2"
  },
  "layers": [
    {
      "ty": 3,
      "nm": "Null 1",
      "sr": 1,
      "st": 0,
      "op": 3600,
      "ip": 0,
      "hd": false,
      "ddd": 0,
      "bm": 0,
      "hasMask": false,
      "ao": 0,
      "ks": {
        "a": {
          "a": 0,
          "k": [
            0,
            0,
            0
          ],
          "ix": 1
        },
        "s": {
          "a": 0,
          "k": [
            120,
            120,
            100
          ],
          "ix": 6
        },
        "sk": {
          "a": 0,
          "k": 0
        },
        "p": {
          "a": 1,
          "k": [
            {
              "o": {
                "x": 0.333,
                "y": 0
              },
              "i": {
                "x": 0.667,
                "y": 1
              },
              "s": [
                300,
                561.6,
                0
              ],
              "t": 0,
              "ti": [
                0,
                36.333,
                0
              ],
              "to": [
                0,
                -36.333,
                0
              ]
            },
            {
              "s": [
                300,
                300,
                0
              ],
              "t": 79
            }
          ],
          "ix": 2
        },
        "r": {
          "a": 0,
          "k": 0,
          "ix": 10
        },
        "sa": {
          "a": 0,
          "k": 0
        },
        "o": {
          "a": 0,
          "k": 0,
          "ix": 11
        }
      },
      "ef": [],
      "ind": 1
    },
    {
      "ty": 4,
      "nm": "Path 2",
      "sr": 1,
      "st": 0,
      "op": 3600,
      "ip": 0,
      "hd": false,
      "ddd": 0,
      "bm": 0,
      "hasMask": false,
      "ao": 0,
      "ks": {
        "a": {
          "a": 0,
          "k": [
            63.846,
            26.538,
            0
          ],
          "ix": 1
        },
        "s": {
          "a": 0,
          "k": [
            120,
            120,
            100
          ],
          "ix": 6
        },
        "sk": {
          "a": 0,
          "k": 0
        },
        "p": {
          "a": 1,
          "k": [
            {
              "o": {
                "x": 0.333,
                "y": 0
              },
              "i": {
                "x": 0.667,
                "y": 1
              },
              "s": [
                292.5228,
                411.876,
                0
              ],
              "t": 48,
              "ti": [
                0,
                11.5,
                0
              ],
              "to": [
                0,
                -11.5,
                0
              ]
            },
            {
              "s": [
                292.5228,
                329.076,
                0
              ],
              "t": 99
            }
          ],
          "ix": 2
        },
        "r": {
          "a": 0,
          "k": 0,
          "ix": 10
        },
        "sa": {
          "a": 0,
          "k": 0
        },
        "o": {
          "a": 1,
          "k": [
            {
              "o": {
                "x": 0.333,
                "y": 0
              },
              "i": {
                "x": 0.667,
                "y": 1
              },
              "s": [
                0
              ],
              "t": 62
            },
            {
              "o": {
                "x": 0.167,
                "y": 0
              },
              "i": {
                "x": 0.833,
                "y": 1
              },
              "s": [
                100
              ],
              "t": 108
            },
            {
              "o": {
                "x": 0.167,
                "y": 0
              },
              "i": {
                "x": 0.833,
                "y": 1
              },
              "s": [
                100
              ],
              "t": 126
            },
            {
              "s": [
                0
              ],
              "t": 143
            }
          ],
          "ix": 11
        }
      },
      "ef": [],
      "shapes": [
        {
          "ty": "gr",
          "bm": 0,
          "hd": false,
          "mn": "ADBE Vector Group",
          "nm": "Path 2",
          "ix": 1,
          "cix": 2,
          "np": 3,
          "it": [
            {
              "ty": "sh",
              "bm": 0,
              "hd": false,
              "mn": "ADBE Vector Shape - Group",
              "nm": "Path 1",
              "ix": 1,
              "d": 1,
              "ks": {
                "a": 0,
                "k": {
                  "c": false,
                  "i": [
                    [
                      0,
                      0
                    ],
                    [
                      0,
                      0
                    ],
                    [
                      0,
                      0
                    ],
                    [
                      0,
                      0
                    ]
                  ],
                  "o": [
                    [
                      0,
                      0
                    ],
                    [
                      0,
                      0
                    ],
                    [
                      0,
                      0
                    ],
                    [
                      0,
                      0
                    ]
                  ],
                  "v": [
                    [
                      0,
                      53.077
                    ],
                    [
                      65.384,
                      0
                    ],
                    [
                      100.697,
                      30.081
                    ],
                    [
                      127.692,
                      53.077
                    ]
                  ]
                },
                "ix": 2
              }
            },
            {
              "ty": "st",
              "bm": 0,
              "hd": false,
              "mn": "ADBE Vector Graphic - Stroke",
              "nm": "Stroke 1",
              "lc": 2,
              "lj": 2,
              "ml": 1,
              "o": {
                "a": 0,
                "k": 100,
                "ix": 4
              },
              "w": {
                "a": 0,
                "k": 18,
                "ix": 5
              },
              "c": {
                "a": 0,
                "k": [
                  1,
                  1,
                  1
                ],
                "ix": 3
              }
            },
            {
              "ty": "tr",
              "a": {
                "a": 0,
                "k": [
                  0,
                  0
                ],
                "ix": 1
              },
              "s": {
                "a": 0,
                "k": [
                  100,
                  100
                ],
                "ix": 3
              },
              "sk": {
                "a": 0,
                "k": 0,
                "ix": 4
              },
              "p": {
                "a": 0,
                "k": [
                  0,
                  0
                ],
                "ix": 2
              },
              "r": {
                "a": 0,
                "k": 0,
                "ix": 6
              },
              "sa": {
                "a": 0,
                "k": 0,
                "ix": 5
              },
              "o": {
                "a": 0,
                "k": 100,
                "ix": 7
              }
            }
          ]
        }
      ],
      "ind": 2
    },
    {
      "ty": 4,
      "nm": "Path 1",
      "sr": 1,
      "st": 0,
      "op": 3600,
      "ip": 0,
      "hd": false,
      "ddd": 0,
      "bm": 0,
      "hasMask": false,
      "ao": 0,
      "ks": {
        "a": {
          "a": 0,
          "k": [
            63.846,
            26.538,
            0
          ],
          "ix": 1
        },
        "s": {
          "a": 0,
          "k": [
            100,
            100,
            100
          ],
          "ix": 6
        },
        "sk": {
          "a": 0,
          "k": 0
        },
        "p": {
          "a": 0,
          "k": [
            -5.231,
            -51.77,
            0
          ],
          "ix": 2
        },
        "r": {
          "a": 0,
          "k": 0,
          "ix": 10
        },
        "sa": {
          "a": 0,
          "k": 0
        },
        "o": {
          "a": 1,
          "k": [
            {
              "o": {
                "x": 0.333,
                "y": 0
              },
              "i": {
                "x": 0.667,
                "y": 1
              },
              "s": [
                0
              ],
              "t": 32
            },
            {
              "o": {
                "x": 0.333,
                "y": 0
              },
              "i": {
                "x": 0.833,
                "y": 1
              },
              "s": [
                100
              ],
              "t": 92
            },
            {
              "o": {
                "x": 0.167,
                "y": 0
              },
              "i": {
                "x": 0.833,
                "y": 1
              },
              "s": [
                100
              ],
              "t": 117
            },
            {
              "s": [
                1
              ],
              "t": 132
            }
          ],
          "ix": 11
        }
      },
      "ef": [],
      "shapes": [
        {
          "ty": "gr",
          "bm": 0,
          "hd": false,
          "mn": "ADBE Vector Group",
          "nm": "Path 1",
          "ix": 1,
          "cix": 2,
          "np": 3,
          "it": [
            {
              "ty": "sh",
              "bm": 0,
              "hd": false,
              "mn": "ADBE Vector Shape - Group",
              "nm": "Path 1",
              "ix": 1,
              "d": 1,
              "ks": {
                "a": 0,
                "k": {
                  "c": false,
                  "i": [
                    [
                      0,
                      0
                    ],
                    [
                      0,
                      0
                    ],
                    [
                      0,
                      0
                    ],
                    [
                      0,
                      0
                    ]
                  ],
                  "o": [
                    [
                      0,
                      0
                    ],
                    [
                      0,
                      0
                    ],
                    [
                      0,
                      0
                    ],
                    [
                      0,
                      0
                    ]
                  ],
                  "v": [
                    [
                      0,
                      53.077
                    ],
                    [
                      65.384,
                      0
                    ],
                    [
                      100.697,
                      30.081
                    ],
                    [
                      127.692,
                      53.077
                    ]
                  ]
                },
                "ix": 2
              }
            },
            {
              "ty": "st",
              "bm": 0,
              "hd": false,
              "mn": "ADBE Vector Graphic - Stroke",
              "nm": "Stroke 1",
              "lc": 2,
              "lj": 2,
              "ml": 1,
              "o": {
                "a": 0,
                "k": 100,
                "ix": 4
              },
              "w": {
                "a": 0,
                "k": 18,
                "ix": 5
              },
              "c": {
                "a": 0,
                "k": [
                  1,
                  1,
                  1
                ],
                "ix": 3
              }
            },
            {
              "ty": "tr",
              "a": {
                "a": 0,
                "k": [
                  0,
                  0
                ],
                "ix": 1
              },
              "s": {
                "a": 0,
                "k": [
                  100,
                  100
                ],
                "ix": 3
              },
              "sk": {
                "a": 0,
                "k": 0,
                "ix": 4
              },
              "p": {
                "a": 0,
                "k": [
                  0,
                  0
                ],
                "ix": 2
              },
              "r": {
                "a": 0,
                "k": 0,
                "ix": 6
              },
              "sa": {
                "a": 0,
                "k": 0,
                "ix": 5
              },
              "o": {
                "a": 0,
                "k": 100,
                "ix": 7
              }
            }
          ]
        }
      ],
      "ind": 3,
      "parent": 1
    }
  ],
  "v": "5.5.9",
  "fr": 60,
  "op": 90,
  "ip": 0,
  "assets": []
}